[{ "Brand": "Select the Model Name", "Model Name": "", "Glass Number": "", "Factory Size Number": "" },{ "Brand": "Samsung", "Model Name": "Galaxy S21", "Glass Number": "G10", "Factory Size Number": "SM-G991B" },{ "Brand": "Samsung", "Model Name": "Galaxy S20", "Glass Number": "G01", "Factory Size Number": "SM-G981B" },{ "Brand": "Samsung", "Model Name": "Galaxy A52", "Glass Number": "G12", "Factory Size Number": "SM-A525F" },{ "Brand": "Samsung", "Model Name": "Galaxy A32", "Glass Number": "G13", "Factory Size Number": "SM-A325F" },{ "Brand": "Apple", "Model Name": "iPhone 14", "Glass Number": "G14", "Factory Size Number": "A2649" },{ "Brand": "Apple", "Model Name": "iPhone 13", "Glass Number": "G15", "Factory Size Number": "A2633" },{ "Brand": "Apple", "Model Name": "iPhone 12", "Glass Number": "G16", "Factory Size Number": "A2403" },{ "Brand": "Apple", "Model Name": "iPhone SE", "Glass Number": "G17", "Factory Size Number": "A2296" },{ "Brand": "Xiaomi", "Model Name": "Mi 11", "Glass Number": "G18", "Factory Size Number": "M2011K2G" },{ "Brand": "Xiaomi", "Model Name": "Redmi Note 10", "Glass Number": "G19", "Factory Size Number": "M2101K7AG" },{ "Brand": "Xiaomi", "Model Name": "Redmi 9", "Glass Number": "G20", "Factory Size Number": "M2004J19C" },{ "Brand": "Xiaomi", "Model Name": "Poco X3", "Glass Number": "G21", "Factory Size Number": "M2007J20CG" },{ "Brand": "OnePlus", "Model Name": "OnePlus 9", "Glass Number": "G22", "Factory Size Number": "LE2113" },{ "Brand": "OnePlus", "Model Name": "OnePlus 8", "Glass Number": "G11", "Factory Size Number": "IN2011" },{ "Brand": "OnePlus", "Model Name": "OnePlus Nord", "Glass Number": "G12", "Factory Size Number": "AC2001" },{ "Brand": "Google", "Model Name": "Pixel 6", "Glass Number": "G13", "Factory Size Number": "G9S9B" },{ "Brand": "Google", "Model Name": "Pixel 5", "Glass Number": "G14", "Factory Size Number": "GD1YQ" },{ "Brand": "Google", "Model Name": "Pixel 4a", "Glass Number": "G15", "Factory Size Number": "G025N" },{ "Brand": "Oppo", "Model Name": "Reno 6", "Glass Number": "G16", "Factory Size Number": "CPH2251" },{ "Brand": "Oppo", "Model Name": "Find X3", "Glass Number": "G17", "Factory Size Number": "CPH2173" },{ "Brand": "Oppo", "Model Name": "A74", "Glass Number": "G30", "Factory Size Number": "CPH2263" },{ "Brand": "Vivo", "Model Name": "V21", "Glass Number": "G31", "Factory Size Number": "V2050" },{ "Brand": "Vivo", "Model Name": "Y20", "Glass Number": "G32", "Factory Size Number": "V2027" },{ "Brand": "Vivo", "Model Name": "X60", "Glass Number": "G33", "Factory Size Number": "V2045" },{ "Brand": "Realme", "Model Name": "8 Pro", "Glass Number": "G34", "Factory Size Number": "RMX3081" },{ "Brand": "Realme", "Model Name": "7i", "Glass Number": "G35", "Factory Size Number": "RMX2103" },{ "Brand": "Realme", "Model Name": "Narzo 30", "Glass Number": "G36", "Factory Size Number": "RMX2156" },{ "Brand": "Huawei", "Model Name": "P40 Pro", "Glass Number": "G37", "Factory Size Number": "ELS-NX9" },{ "Brand": "Huawei", "Model Name": "Mate 40 Pro", "Glass Number": "G38", "Factory Size Number": "NOP-AN00" },{ "Brand": "Huawei", "Model Name": "Nova 7i", "Glass Number": "G39", "Factory Size Number": "JNY-LX2" },{ "Brand": "Sony", "Model Name": "Xperia 1 II", "Glass Number": "G40", "Factory Size Number": "XQ-AT51" },{ "Brand": "Sony", "Model Name": "Xperia 5 II", "Glass Number": "G41", "Factory Size Number": "XQ-AS52" },{ "Brand": "Sony", "Model Name": "Xperia 10 III", "Glass Number": "G42", "Factory Size Number": "XQ-BT52" }]
